water_year,precipitation
2015,367.1094471927798
2016,431.20863658327323
2017,422.3820919484476
2018,273.6876989529469
2019,384.00088008180296
2020,411.64543599100955
2021,158.36546070569074
